County;Site;parnr;Lupin;Veghgt.avg;Litt.avg;Weighted.height;Weighted.light;Weighted.moist;Weighted.soil;Weighted.nitrogen;Achillea millefolium;Achillea ptarmica;Aegopodium podagraria;Aethusa cynapium;Anemone nemorosa;Angelica sylvestris;Anthriscus sylvestris;Anthyllis vulneraria;Aquilegia vulgaris;Arenaria serpyllifolia;Argentina anserina;Athyrium filix-femina;Bunias orientalis;Calluna vulgaris;Campanula patula;Campanula persicifolia;Campanula rotundifolia;Carex digitata;Carex flacca;Carex flava;Carex leporina;Carex pallescens;Carex panicea;Centaurea jacea;Cerastium fontanum;Chamaenerion angustifolium;Cirsium arvense;Cirsium heterophyllum;Cirsium palustre;Convallaria majalis;Convolvulus arvensis;Cota tinctoria;Crepis praemorsa;Daucus carota subsp. carota;Dianthus deltoides;Epilobium ciliatum;Equisetum arvense;Equisetum fluviatile;Equisetum sylvaticum;Erigeron acris;Euphrasia nemorosa;Ficaria verna;Filipendula ulmaria;Fragaria vesca;Galium boreale;Galium uliginosum;Galium verum;Gallium mollugo;Geranium sylvaticum;Geum rivale;Geum urbanum;Glebionis segetum;Hieracium sect. Hieracium agg.;Hieracium sect. Tridentata;Hieracium sect. Vulgata;Hieracium umbellatum;Hypericum maculatum;Hypericum perforatum;Juncus conglomeratus;Juncus effusus;Knautia arvensis;Lapsana communis;Lathyrus linifolius;Lathyrus pratensis;Leucanthemum vulgare;Linaria vulgaris;Lotus corniculatus;Lupinus polyphyllus;Luzula multiflora;Luzula pallescens;Luzula pilosa;Lychnis flos-cuculi;Maianthemum bifolium;Medicago lupulina;Melampyrum pratense;Melampyrum sylvaticum;Moehringia trinervia;Myosotis arvensis;Myosotis scorpioides;Noccaea caerulescens;Paris quadrifolia;Pilosella cymosa;Pilosella lactucella;Pilosella officinarum;Pimpinella saxifraga;Plantago lanceolata;Plantago major;Polygala vulgaris;Potentilla argentea;Potentilla erecta;Potentilla reptans;Primula veris;Prunella vulgaris;Ranunculus acris subsp. acris;Ranunculus repens;Rhinanthus minor;Rubus arcticus;Rubus idaeus;Rubus saxatilis;Rumex acetosa;Rumex acetosella;Rumex longifolius;Sagina procumbens;Sagina revelierei;Scirpus sylvaticus;Scleranthus perennis;Scorzoneroides autumnalis;Silene vulgaris;Solidago canadensis;Solidago virgaurea;Sonchus oleraceus;Stachys palustris;Stellaria graminea;Stellaria longifolia;Succisa pratensis;Tragopogon pratensis;Trifolium aureoum;Trifolium hybridum;Trifolium medium;Trifolium pratense;Trifolium repens;Trifolium spadiceum;Tripleurospermum inodorum;Tussilago farfara;Urtica dioica;Vaccinium myrtillus;Vaccinium uliginosum;Vaccinium vitis-idaea;Verbascum nigrum;Veronica arvensis;Veronica beccabunga;Veronica chamaedrys;Veronica officinalis;Vicia cracca;Vicia sepium;Vicia sylvatica;Vicia tetrasperma;Viola arvensis;Viola canina;Viola riviniana
Uppsala;Backa;1;No;23,75;0,2;39,17272727;4,609090909;3,9;4,209090909;4,645454545;0;0;0;0;6;0;0;0;0;0;0;0;0;0;1;0;0;0;0;0;0;1;0;0;0;0;8;0;0;0;0;0;0;0;0;0;8;0;0;0;0;0;0;12;0;0;0;9;0;0;0;0;0;0;0;4;0;0;0;0;0;0;14;6;0;0;0;0;2;0;12;0;0;0;0;0;0;0;0;1;0;0;0;0;0;0;0;0;0;0;0;0;0;1;0;0;0;5;0;2;2;0;0;0;0;0;0;0;0;0;0;0;2;0;0;0;0;0;0;0;0;0;0;0;0;0;0;0;0;0;0;10;4;0;0;0;0;0;0;0
Uppsala;Backa;1;Yes;76,25;2,2;43,82352941;4,808823529;3,955882353;4,102941176;4,014705882;0;0;0;0;0;0;0;0;0;0;0;0;0;0;0;0;0;0;0;0;0;0;0;0;0;0;7;0;0;0;0;0;0;0;0;0;0;0;0;0;0;0;0;7;0;0;0;0;0;0;0;0;0;0;0;2;0;0;0;0;0;0;1;0;0;0;0;16;0;0;2;0;0;0;0;0;0;0;0;1;0;0;0;0;0;0;0;0;0;0;0;0;4;1;0;0;0;0;0;1;0;0;0;0;0;0;0;0;0;0;0;0;11;0;0;0;0;0;0;1;0;0;0;0;0;0;0;0;0;0;0;11;0;0;0;0;0;0;3;0
Uppsala;Brobacke;1;No;4,375;0;39,43981481;5,490740741;4,351851852;4,898148148;4,175925926;3;14;0;0;0;0;0;0;0;0;0;0;0;0;0;0;0;0;0;0;0;0;0;0;0;0;1;0;0;0;0;0;0;0;0;0;2;0;0;0;14;0;1;0;0;0;0;9;0;0;0;0;0;2;0;0;0;0;0;0;0;0;0;1;0;3;0;0;0;0;0;0;0;0;0;0;0;0;0;1;0;6;0;0;0;0;3;0;0;0;0;7;0;1;1;0;0;0;0;6;5;0;0;2;0;0;6;0;0;0;0;0;0;0;0;0;0;9;0;0;0;0;4;1;0;0;0;0;0;0;0;0;0;4;0;0;0;0;0;0
Uppsala;Brobacke;1;Yes;45;0,2;49,43661972;5,056338028;4,436619718;4,478873239;4,408450704;1;8;0;0;0;0;5;0;0;0;0;0;0;0;2;0;0;0;0;0;0;0;0;0;4;0;0;0;0;0;0;0;0;0;0;0;15;0;0;0;0;0;0;0;0;0;0;0;0;0;0;0;0;0;0;0;1;0;0;0;0;0;0;2;0;0;0;16;0;0;0;0;0;0;0;0;0;1;0;0;0;1;0;0;0;0;0;0;0;0;0;0;0;0;8;0;0;0;0;0;2;0;0;0;0;0;3;0;0;0;0;0;0;0;0;0;0;0;1;0;0;0;0;0;0;0;0;0;0;0;0;0;0;0;0;0;0;0;1;0
Uppsala;Brunkullsvägen;1;No;10,625;1,4;45,38095238;5,466666667;3,20952381;5,142857143;4,371428571;16;0;0;2;0;0;1;0;0;0;0;0;0;0;0;0;0;0;0;0;0;0;0;0;0;0;0;0;0;0;0;0;0;0;0;0;16;0;0;0;0;0;0;2;0;0;0;16;0;0;0;0;0;0;0;11;0;0;0;0;0;0;0;0;2;0;16;1;0;0;0;0;0;0;0;0;0;2;0;0;0;0;0;1;0;0;0;0;0;0;0;0;0;0;0;0;0;0;0;0;2;0;0;0;0;0;0;0;0;0;0;0;0;0;0;0;0;2;0;0;0;0;0;0;0;0;0;0;0;0;0;0;7;8;0;0;0;0;0;0
Uppsala;Brunkullsvägen;1;Yes;30;1;61,61538462;5,415384615;3,015384615;4,353846154;4,353846154;16;0;0;4;0;0;2;0;0;0;0;0;0;0;0;1;0;0;0;0;0;0;0;0;0;0;0;0;0;0;0;0;0;0;0;0;4;0;0;0;0;0;0;0;0;0;0;7;0;0;0;0;0;0;0;3;0;0;0;0;0;0;0;0;0;0;1;16;0;0;0;0;0;0;0;0;0;0;0;2;0;0;0;0;0;0;0;0;0;0;0;0;0;1;0;0;0;0;0;4;1;0;0;0;0;0;0;0;0;0;0;0;0;0;0;1;0;0;1;0;0;0;0;0;0;0;1;0;0;0;0;0;0;0;0;0;0;0;0;0
Uppsala;Bänntorpet;1;No;3,75;2,2;43,80530973;4,796460177;4,371681416;4,778761062;4,85840708;8;0;0;0;0;0;12;0;0;0;0;0;0;0;0;0;0;0;0;0;0;0;0;0;0;0;0;1;0;0;0;0;0;0;0;0;0;0;4;0;0;0;0;0;0;0;0;0;4;0;0;0;1;3;0;13;0;0;0;0;0;0;1;4;2;0;0;3;1;0;1;0;0;0;0;0;0;0;0;7;0;0;0;0;0;0;0;0;0;0;0;0;0;4;3;0;0;0;16;0;0;0;0;0;0;0;0;0;0;2;0;0;0;0;0;0;0;1;0;0;0;0;0;9;0;0;0;0;0;0;0;0;0;0;0;0;0;0;0;0
Uppsala;Bänntorpet;1;Yes;33,125;1,6;68,71794872;4,756410256;4,192307692;4,333333333;4,705128205;3;0;0;0;0;0;8;0;0;0;0;0;0;0;0;0;0;0;0;0;0;0;0;0;0;1;0;12;0;0;0;0;0;0;0;0;0;0;2;0;0;0;0;1;0;0;0;0;3;0;0;0;7;1;0;1;0;0;0;0;0;0;2;3;3;0;0;16;0;0;0;0;0;0;0;0;0;0;0;0;0;0;0;0;0;0;0;0;0;0;0;0;0;3;0;0;0;0;0;0;0;0;0;0;0;0;0;0;0;5;0;0;0;0;0;0;0;0;0;0;0;0;0;0;0;0;0;0;0;0;0;0;0;3;0;0;0;0;0;0
Uppsala;Dragkärret;1;No;9,375;1;44,47183099;5,492957746;3,14084507;5,225352113;4,521126761;6;0;0;0;0;0;1;0;0;0;0;0;0;0;0;0;0;0;0;0;0;0;0;0;0;0;1;0;0;0;0;0;0;0;0;0;6;0;0;0;0;0;0;12;0;0;1;12;0;0;0;0;0;0;0;1;0;0;0;0;0;0;0;0;6;0;1;4;0;0;0;0;0;0;0;0;0;0;0;0;0;7;0;2;0;0;0;0;0;0;0;0;0;0;0;0;0;0;0;0;0;0;0;0;0;0;5;0;0;0;0;0;0;0;0;4;0;0;2;0;0;0;0;0;0;0;0;0;0;0;0;0;0;0;0;0;0;0;0;0
Uppsala;Dragkärret;1;Yes;48,75;0,2;49,56521739;5,115942029;3,217391304;4,449275362;3,942028986;10;0;0;0;0;0;1;0;0;0;0;0;0;0;0;0;3;0;0;0;0;0;0;0;0;0;1;0;0;0;0;0;0;0;0;0;6;0;0;0;0;0;0;11;0;0;0;10;0;0;0;0;0;0;0;1;0;0;0;0;0;0;0;0;2;0;0;16;0;0;0;0;0;0;0;0;0;0;0;0;0;0;0;0;0;0;0;0;0;0;0;0;0;0;0;0;0;0;0;0;0;0;0;0;0;0;2;0;0;0;0;0;0;0;0;0;0;0;6;0;0;0;0;0;0;0;0;0;0;0;0;0;0;0;0;0;0;0;0;0
Uppsala;Enköping;1;No;2,5;1,4;35,35714286;5,321428571;2,821428571;5,035714286;3,571428571;6;0;0;0;0;0;0;0;0;0;0;0;0;0;0;0;0;0;0;0;0;0;0;0;0;0;0;0;0;0;0;0;0;0;0;0;0;0;0;0;0;0;0;0;2;0;3;0;0;0;0;0;0;0;0;0;0;0;0;0;0;0;0;0;0;0;0;1;0;0;0;0;0;0;0;0;0;0;0;0;0;0;0;0;0;0;0;0;0;0;0;0;0;0;0;0;0;0;0;0;0;0;0;0;0;0;0;0;0;0;0;0;0;0;0;0;0;0;16;0;0;0;0;0;0;0;0;0;0;0;0;0;0;0;0;0;0;0;0;0
Uppsala;Enköping;1;Yes;18,75;1,6;48,68421053;4,754385965;3,49122807;4,350877193;3,578947368;0;0;0;0;0;0;0;0;0;0;0;0;0;0;0;0;0;0;0;0;0;0;0;0;0;0;0;0;0;0;0;0;0;0;0;0;0;0;0;0;0;0;0;6;4;0;0;9;0;2;0;0;0;0;0;0;0;0;0;0;0;0;0;0;0;0;0;16;0;0;0;0;0;0;0;0;0;0;0;0;0;0;0;0;0;0;0;0;0;0;0;0;0;0;0;0;0;0;0;0;0;0;0;0;0;0;0;0;0;0;0;0;0;0;0;0;0;1;12;0;0;0;0;0;0;0;0;0;0;0;0;7;0;0;0;0;0;0;0;0
Uppsala;Gamsebo Hagaberg;2;No;14,375;2,2;56,875;5,444444444;3,055555556;4,777777778;4,527777778;7;0;0;0;0;0;2;0;0;0;0;0;0;0;0;0;0;0;0;0;0;0;0;0;0;0;1;0;0;0;0;0;0;0;0;0;0;0;0;0;0;0;0;0;0;0;0;10;0;0;0;0;0;0;0;0;0;0;0;0;0;0;0;4;4;0;0;3;0;0;0;0;0;0;0;0;0;0;0;5;0;0;0;0;0;0;0;0;0;0;0;0;0;0;0;0;0;0;0;0;0;0;0;0;0;0;0;0;0;0;0;0;0;0;0;0;0;0;0;0;0;0;0;0;0;0;0;0;0;0;0;0;0;0;0;0;0;0;0;0
Uppsala;Gamsebo Hagaberg;2;Yes;80;1,2;70,18292683;5,268292683;3,146341463;3,926829268;4,12195122;11;0;0;0;0;0;7;0;0;0;0;0;0;0;0;0;0;0;0;0;0;0;0;0;0;0;1;0;0;0;0;0;0;0;0;0;0;0;0;0;0;0;0;0;0;0;0;2;0;0;0;0;0;0;0;0;0;0;0;0;0;0;0;0;0;0;0;16;0;0;0;0;0;0;0;0;0;0;0;3;0;0;0;0;0;0;0;0;0;0;0;0;0;0;1;0;0;0;0;0;0;0;0;0;0;0;0;0;0;0;0;0;0;0;0;0;0;0;0;0;0;0;0;0;0;0;0;0;0;0;0;0;0;0;0;0;0;0;0;0
Uppsala;Gullvalla;2;No;1,875;0;27,21774194;5,129032258;3,35483871;3,967741935;3,435483871;0;0;0;0;0;0;2;0;0;0;0;0;0;0;0;0;4;0;0;0;0;0;0;0;0;0;0;0;0;0;0;1;0;0;0;0;0;0;0;0;0;0;0;15;0;0;0;0;0;0;0;0;0;3;0;0;0;0;0;0;0;0;0;0;0;0;0;3;0;0;0;0;0;0;0;0;0;0;0;0;0;0;0;11;0;0;0;0;0;0;0;0;0;0;0;0;0;1;4;1;0;0;0;0;0;0;0;0;0;0;0;0;0;0;0;0;0;0;3;0;0;0;0;0;0;0;0;0;0;0;0;0;0;0;0;0;0;0;14;0
Uppsala;Gullvalla;2;Yes;73,75;0;37,31343284;5,164179104;3,134328358;3,895522388;3,194029851;3;0;0;0;0;0;1;0;0;0;0;0;0;0;0;0;6;0;0;0;0;0;0;0;0;0;0;0;0;0;0;2;0;0;0;0;0;0;0;0;0;0;0;16;0;0;0;1;0;0;0;0;0;0;0;0;0;0;0;0;0;0;0;0;0;0;0;16;0;0;0;0;0;0;0;0;0;0;0;1;0;0;0;6;2;0;0;0;0;0;0;0;0;0;0;0;0;0;0;0;0;0;0;0;0;0;0;0;0;0;0;0;0;0;0;2;0;0;0;0;0;0;0;0;0;0;0;0;0;0;0;0;0;0;0;0;0;0;11;0
Uppsala;Kårbo;1;No;1,875;0;44,36567164;5,089552239;4,597014925;5,014925373;5,746268657;0;0;0;0;0;0;3;0;0;0;0;0;0;0;0;0;0;0;0;0;0;0;0;0;4;0;0;0;0;0;0;0;0;0;0;0;14;0;0;0;0;0;0;0;0;0;0;4;0;0;0;0;0;0;0;0;4;0;0;0;0;0;0;0;4;0;0;0;0;0;0;0;0;0;0;0;0;0;0;0;0;1;0;3;0;0;0;0;0;0;0;0;0;11;11;0;0;1;0;5;0;0;0;0;0;0;0;0;0;0;0;0;0;0;0;0;0;0;0;0;0;0;1;0;1;0;0;0;0;0;0;0;0;0;0;0;0;0;0;0
Uppsala;Kårbo;1;Yes;60;0;64,91935484;5,35483871;3,290322581;3,741935484;3,580645161;4;0;0;0;0;0;2;0;0;0;0;0;0;0;0;0;0;0;0;0;0;0;0;0;0;0;0;0;0;0;0;0;0;0;0;0;3;0;0;0;0;0;0;0;0;0;0;0;0;0;0;0;0;0;0;0;0;0;0;0;0;0;0;0;1;0;0;16;0;0;0;0;0;0;0;0;0;0;0;0;0;0;0;1;0;0;0;0;0;0;0;0;0;0;0;0;0;0;0;0;0;0;0;0;0;0;3;0;0;0;0;0;0;0;0;0;0;0;0;0;0;0;1;0;0;0;0;0;0;0;0;0;0;0;0;0;0;0;0;0
Uppsala;Kölnbacken;2;No;12,5;0,2;59,03508772;5,666666667;3,754385965;5,315789474;5,526315789;7;0;0;0;0;0;5;0;0;0;0;0;0;0;0;0;0;0;0;0;0;0;0;0;0;0;12;0;0;0;0;0;0;0;0;0;14;0;0;0;0;0;0;0;0;0;0;3;0;0;0;0;0;0;0;1;2;0;0;0;0;0;0;2;0;0;0;1;0;0;0;0;0;0;0;0;0;0;0;0;0;1;0;1;0;0;0;0;0;0;0;0;0;0;0;0;0;0;0;1;1;0;0;0;0;0;2;0;0;0;0;0;0;0;0;4;0;0;0;0;0;0;0;0;0;0;0;0;0;0;0;0;0;0;0;0;0;0;0;0
Uppsala;Kölnbacken;2;Yes;66,25;0,4;60,04901961;5,019607843;4,058823529;4,549019608;4,588235294;2;0;0;0;0;0;7;0;0;0;0;0;0;0;0;0;0;0;0;0;0;0;0;0;0;0;1;0;0;0;0;0;0;0;0;0;15;0;0;0;0;0;0;0;0;0;0;0;0;0;0;0;0;0;0;0;0;0;0;0;0;0;0;0;1;0;0;16;0;0;0;0;0;0;0;0;0;0;0;0;0;0;0;0;0;0;0;0;0;0;0;0;0;0;6;0;0;0;0;1;0;0;0;0;0;0;0;0;0;0;0;0;0;0;0;1;0;0;1;0;0;0;0;0;0;0;0;0;0;0;0;0;0;0;0;0;0;0;0;0
Uppsala;Larsbo;1;No;0,625;1,2;46,4;5,08;5,6;5,06;5,22;0;0;0;0;0;0;0;0;0;0;0;0;0;0;0;1;0;0;0;8;0;0;0;0;0;0;0;0;0;0;0;0;0;0;0;0;0;0;0;0;0;0;0;0;0;0;0;3;0;0;0;0;0;0;0;0;0;0;6;0;0;0;0;0;5;0;0;3;0;0;0;5;0;0;0;0;0;0;0;0;0;0;0;0;0;0;0;0;0;0;0;0;0;6;7;0;0;0;0;0;0;0;0;0;0;0;0;0;0;0;0;0;0;0;0;2;0;2;0;0;0;0;0;1;0;0;0;0;0;0;0;0;0;0;0;0;0;0;0;0
Uppsala;Larsbo;1;Yes;43,75;1;49,57792208;5,168831169;4,779220779;4,558441558;4,532467532;0;0;0;0;0;0;1;0;0;0;0;0;0;0;0;4;0;0;0;6;0;1;0;0;4;0;0;0;0;0;0;0;0;0;0;1;0;0;0;0;0;0;0;0;0;0;0;0;0;0;0;0;0;0;0;0;0;0;5;0;0;0;0;0;4;0;0;16;0;0;0;1;0;0;0;0;0;0;0;0;0;0;0;0;0;0;0;0;0;0;0;0;0;15;0;0;0;0;0;0;0;0;0;0;0;0;4;0;0;0;0;0;0;0;1;0;0;5;3;0;0;0;0;3;0;0;0;0;0;0;0;0;0;0;0;0;0;0;0;0
Uppsala;Lilla harnevi;2;No;6,875;2,4;62,65151515;5,666666667;4,151515152;5,606060606;5,484848485;0;0;0;0;0;0;0;0;0;0;0;0;0;0;0;0;0;0;0;0;0;0;0;0;0;0;12;0;0;0;0;0;0;0;0;0;0;0;0;0;0;0;0;0;0;0;0;5;0;0;0;0;0;0;0;0;0;0;0;0;0;0;0;0;0;0;0;1;0;0;0;0;0;0;0;0;0;0;0;0;0;0;0;0;0;0;0;0;0;0;7;0;0;1;0;0;0;0;0;0;0;0;0;0;0;0;0;0;0;0;0;0;0;0;0;0;0;0;0;0;0;0;0;0;0;0;0;0;0;0;0;0;0;4;0;0;3;0;0;0
Uppsala;Lilla harnevi;2;Yes;63,75;2;77,10227273;5,295454545;3,977272727;4,181818182;4,340909091;0;0;0;0;0;0;0;0;0;0;0;0;0;0;0;0;0;0;0;0;0;0;0;0;0;0;11;0;0;0;0;0;0;0;0;0;0;0;0;0;0;0;0;0;0;0;0;4;0;0;0;0;0;0;0;0;0;0;0;0;0;0;0;0;0;0;0;16;0;0;0;0;0;0;0;0;0;0;0;0;0;0;0;0;0;0;0;0;0;0;4;0;0;0;0;0;0;0;0;0;0;0;0;0;0;0;0;0;0;0;0;0;0;0;2;0;0;0;0;0;1;0;0;0;4;0;0;0;0;0;0;0;0;1;0;0;1;0;0;0
Uppsala;Littersbo 1;2;No;3,75;0,8;54,46808511;5,627659574;3,734042553;5,14893617;4,734042553;10;4;0;0;0;0;7;0;0;0;0;0;0;0;0;0;0;0;0;0;0;0;0;0;0;0;0;0;0;0;0;0;0;0;0;0;6;0;0;0;0;0;0;0;0;0;0;1;0;0;0;0;0;0;1;3;5;0;0;0;0;0;0;15;12;0;1;0;0;0;0;0;0;0;0;0;0;0;0;0;0;7;0;0;2;0;0;0;0;0;0;0;0;0;0;0;0;5;0;1;0;0;0;0;0;0;0;0;0;0;0;0;0;0;0;1;0;2;7;0;0;0;0;1;0;0;0;0;0;0;0;0;0;2;0;0;0;0;0;0
Uppsala;Littersbo 1;2;Yes;38,75;1,4;52,24637681;5,304347826;3,130434783;4,376811594;3,797101449;6;0;0;0;0;0;1;0;0;0;0;0;0;0;0;0;3;0;0;0;0;0;0;0;1;0;0;0;0;0;0;0;0;0;0;0;1;0;0;0;0;0;0;2;0;0;0;7;0;0;0;0;0;0;2;0;0;0;0;0;0;0;0;0;7;0;2;16;1;0;3;0;0;0;1;0;0;0;0;1;0;6;0;0;0;0;0;0;0;0;0;0;0;0;0;0;0;0;0;0;1;0;0;0;0;0;0;0;0;0;0;0;0;0;0;0;0;5;0;0;0;0;0;0;0;0;0;0;0;0;0;0;1;0;0;0;0;0;0;2
Uppsala;Littersbo 2;1;No;13,125;1,8;43,30357143;5,130952381;3,702380952;5,25;4,857142857;13;1;0;0;0;0;5;0;0;0;0;0;0;0;0;0;0;0;0;0;0;0;0;0;0;0;0;0;0;0;0;0;0;0;0;0;12;0;0;0;0;0;0;13;0;0;0;15;0;0;0;0;0;0;0;0;0;0;0;0;0;0;0;6;5;0;0;1;0;0;0;0;0;0;0;0;0;2;0;0;0;0;0;0;0;0;0;0;0;0;0;0;0;3;0;0;0;0;0;0;0;0;0;0;0;0;0;0;0;0;0;0;0;0;0;0;0;0;4;0;0;0;0;2;0;0;0;0;0;0;0;0;0;0;0;0;0;0;0;0
Uppsala;Littersbo 2;1;Yes;43,75;1,4;55,47619048;4,880952381;3,738095238;4,023809524;3,976190476;1;0;0;0;0;0;0;0;0;0;0;0;0;0;0;0;0;0;0;0;0;0;0;0;0;0;0;0;0;0;0;0;0;0;0;0;4;0;0;0;0;0;0;4;0;0;0;6;0;0;0;0;0;0;0;0;0;0;0;0;0;0;0;1;0;0;0;16;0;0;0;0;0;0;0;0;0;2;0;1;0;0;0;0;0;0;0;0;0;0;0;0;0;0;5;0;0;0;0;0;0;0;0;0;0;0;0;0;0;0;0;0;0;0;0;1;0;0;1;0;0;0;0;0;0;0;0;0;0;0;0;0;0;0;0;0;0;0;0;0
Uppsala;Lydinge;2;No;5;0,4;69,21875;5,479166667;4,416666667;5,145833333;5,729166667;0;0;0;0;0;0;6;0;0;0;0;0;0;0;0;0;0;0;0;0;0;0;0;0;0;0;13;0;0;0;1;0;0;0;0;0;11;0;0;0;0;0;0;0;0;0;0;0;0;0;0;0;0;0;0;0;0;0;0;0;0;2;0;2;0;0;0;6;0;0;0;0;0;0;0;0;0;0;0;0;0;0;0;0;0;0;0;0;0;0;0;0;0;2;0;0;0;0;0;0;0;0;0;0;0;0;1;0;0;0;0;0;0;0;0;0;0;0;0;0;0;0;3;0;0;0;0;0;0;0;0;0;0;0;0;0;0;1;0;0
Uppsala;Lydinge;2;Yes;52,5;0,4;66,3559322;5,338983051;3,93220339;4,474576271;4,898305085;6;0;0;0;0;0;5;0;0;0;0;0;0;0;0;0;0;0;0;0;0;0;0;0;2;0;10;0;0;0;0;0;0;0;0;0;10;0;0;0;0;0;0;0;0;0;0;2;0;0;0;0;0;0;0;0;0;0;0;0;0;0;0;2;0;0;0;16;0;0;0;0;0;0;0;0;0;0;0;0;0;0;0;0;0;0;0;0;0;0;1;0;0;4;0;0;0;0;0;0;0;0;0;0;0;0;0;0;0;0;0;0;0;0;0;0;0;0;0;0;0;0;1;0;0;0;0;0;0;0;0;0;0;0;0;0;0;0;0;0
Uppsala;Missionskyrkan;2;No;10;3;42,24609375;5,3046875;3,4296875;5,6640625;4,78125;16;0;0;0;0;0;8;0;0;0;0;0;0;0;0;0;0;0;0;0;0;0;0;0;0;0;0;0;0;0;0;0;0;0;0;0;12;0;0;0;0;0;0;12;0;0;0;14;0;0;0;0;0;0;0;0;2;0;0;0;0;0;0;0;6;0;0;5;0;0;0;0;0;10;0;0;0;0;0;0;0;5;0;0;0;0;0;0;0;0;14;0;0;0;0;0;0;0;0;0;0;0;0;0;0;0;1;0;0;0;0;0;0;0;0;4;0;5;0;0;1;0;0;1;0;0;0;0;0;0;0;0;0;0;10;0;0;0;1;0
Uppsala;Missionskyrkan;2;Yes;51,25;3,2;52,17261905;5,202380952;3,345238095;4,797619048;4,452380952;16;0;0;0;0;0;5;0;0;0;0;0;0;0;0;0;0;0;0;0;0;0;0;0;1;0;0;0;0;0;0;0;0;0;0;0;6;0;0;0;0;0;0;7;2;0;0;13;0;0;0;0;0;0;0;0;1;0;0;0;0;0;0;0;0;0;0;16;0;0;0;0;0;0;0;0;0;0;0;0;0;1;0;0;0;0;0;0;0;0;8;0;0;0;1;0;0;1;0;0;0;0;0;0;0;0;0;0;0;0;0;0;0;0;0;0;0;1;4;0;0;0;0;0;0;0;0;0;0;0;0;0;0;0;1;0;0;0;0;0
Uppsala;Motocrossbanan ;1;No;8,125;1,4;37,43478261;4,836956522;3,706521739;4,836956522;4,684782609;12;0;0;0;1;0;1;0;0;0;0;0;0;0;0;0;0;0;0;0;0;0;0;0;0;0;0;0;0;0;0;0;0;0;0;0;5;0;0;0;0;0;0;15;0;0;0;1;1;0;0;0;0;1;0;0;0;0;0;0;0;0;0;0;4;0;0;5;2;0;0;4;0;0;0;0;0;0;0;6;0;9;0;0;0;0;0;0;0;0;0;0;0;8;0;0;0;0;13;0;0;0;0;0;0;0;0;0;0;0;0;0;0;0;0;0;0;0;0;0;0;0;0;0;0;0;0;0;0;0;0;0;0;0;0;0;0;0;0;3
Uppsala;Motocrossbanan ;1;Yes;72,5;0,4;48,65979381;5,092783505;3,608247423;4,546391753;4,422680412;15;0;0;0;0;0;7;0;0;0;0;0;0;0;0;0;2;0;0;0;0;0;0;0;0;0;0;0;0;0;0;0;0;0;0;0;7;0;0;0;0;0;0;10;0;0;0;2;0;1;0;0;3;6;0;0;0;0;0;0;0;0;0;0;0;0;0;16;0;0;0;0;0;0;0;0;0;0;0;7;0;2;1;0;0;0;0;0;0;0;0;0;0;5;1;0;0;0;0;0;0;0;0;0;0;0;0;0;0;3;0;0;0;0;0;1;0;0;0;0;0;0;0;4;0;0;0;0;0;0;0;0;0;0;0;0;0;0;0;0
Uppsala;Odensfors;2;No;13,75;1;38,42473118;5,064516129;4,569892473;4,956989247;5,11827957;0;0;0;0;4;0;0;0;0;0;0;2;0;0;0;0;6;0;0;0;0;0;0;0;0;0;0;0;0;0;0;0;0;0;0;0;8;0;3;0;0;0;1;0;0;0;0;0;0;0;0;0;0;0;1;1;2;0;0;0;0;4;0;0;11;0;0;2;0;0;0;0;0;0;0;0;0;0;0;0;0;0;0;0;0;0;0;0;0;4;0;0;0;14;0;0;0;1;0;0;0;0;0;0;0;0;0;0;0;0;0;0;0;0;0;3;0;0;2;0;0;0;0;9;0;0;0;0;0;0;0;4;1;0;0;0;0;0;0;0
Uppsala;Odensfors;2;Yes;53,75;0,2;48,1;4,426666667;4,32;4,333333333;4,426666667;2;0;0;0;0;0;0;0;0;0;0;6;0;0;0;0;0;0;0;0;0;0;0;0;0;0;2;0;0;0;0;0;0;0;0;0;0;0;0;0;0;0;0;4;0;0;0;4;0;4;0;0;0;0;0;0;0;0;0;0;0;0;0;0;1;0;0;16;0;0;0;0;1;0;0;0;0;0;0;0;2;1;0;0;0;0;0;0;0;1;0;0;0;5;4;0;0;0;0;0;0;0;0;0;0;0;0;0;0;0;0;0;0;0;0;0;0;0;12;0;0;0;0;2;0;0;0;0;0;0;0;0;0;0;0;0;0;0;0;6
Uppsala;Ransta;1;No;14,375;1,4;44,95238095;5,238095238;3,80952381;5,00952381;5,095238095;16;0;0;0;0;0;1;0;0;0;0;0;0;0;0;0;0;0;0;0;0;0;0;0;0;0;1;0;0;0;0;0;0;0;0;0;9;0;0;0;0;0;0;8;0;0;0;12;0;0;4;0;0;4;0;0;0;0;0;0;0;0;0;12;0;0;0;0;0;0;0;0;0;0;0;0;0;0;0;0;0;0;0;0;0;0;0;0;0;0;0;0;0;4;0;0;0;0;0;0;0;1;0;0;0;0;0;0;0;0;0;10;0;0;0;0;0;0;10;0;0;0;0;0;0;0;0;0;0;0;0;13;0;0;0;0;0;0;0;0
Uppsala;Ransta;1;Yes;51,25;2;65,8490566;5,358490566;3,320754717;4,075471698;4,264150943;14;0;0;0;0;0;2;0;0;0;0;0;0;0;0;0;0;0;0;0;0;0;0;0;0;0;6;0;0;0;0;0;0;0;0;0;3;0;0;0;0;0;0;0;1;0;0;0;0;0;1;0;0;5;0;0;0;0;0;0;0;0;0;2;0;0;0;16;0;0;0;0;0;0;0;0;0;0;0;0;0;0;0;0;0;0;0;0;0;0;0;0;0;0;0;0;0;0;0;0;0;0;0;0;0;0;0;0;0;0;0;0;0;0;0;0;0;0;0;0;0;0;0;0;0;0;0;0;0;0;0;0;0;0;1;0;0;0;0;2
Uppsala;Runhällen;2;No;4,375;0,4;43,11946903;4,884955752;3,884955752;4,575221239;4,017699115;11;0;2;0;0;0;0;0;0;0;0;0;0;0;0;0;0;0;0;0;0;0;2;0;0;0;0;0;0;0;0;0;0;0;0;0;0;0;0;0;0;0;0;16;7;0;0;4;0;0;0;0;0;0;0;12;0;0;0;0;0;0;1;0;1;0;0;5;0;0;5;0;0;0;0;0;0;0;0;0;0;1;0;0;0;0;0;2;0;0;0;0;0;7;0;0;0;0;0;8;0;0;0;0;0;0;0;0;0;0;0;0;0;0;0;0;0;0;0;0;0;0;0;0;0;0;0;4;0;0;0;0;0;8;7;0;0;0;10;0
Uppsala;Runhällen;2;Yes;40;0,4;44,63815789;4,960526316;3,289473684;3,907894737;3,618421053;13;0;0;0;0;0;0;0;0;0;0;0;0;0;0;0;0;0;0;0;0;0;0;0;0;0;0;0;0;0;0;0;0;0;0;0;0;0;0;0;0;0;0;15;0;0;0;0;0;0;0;0;0;0;0;4;0;0;0;0;0;0;6;0;0;0;0;16;0;0;0;0;0;0;0;0;0;1;0;0;0;4;0;0;0;0;0;0;0;0;0;0;0;3;0;0;0;1;0;1;0;0;0;0;0;0;0;0;0;0;0;0;0;0;0;0;0;0;0;0;0;0;0;0;0;0;0;7;0;0;0;0;0;0;4;0;0;0;1;0
Uppsala;Röcklingeås;1;No;13,75;1,4;42,76666667;5,413333333;3,32;4,893333333;4,4;12;0;0;0;0;0;3;0;0;0;0;0;0;0;0;0;0;0;0;0;0;0;0;0;0;0;0;0;0;0;0;0;0;0;0;0;10;0;0;0;0;0;0;0;0;0;0;6;0;0;0;0;5;2;0;0;0;0;0;0;0;0;0;4;1;0;0;5;0;0;0;0;0;0;0;0;0;0;0;0;0;0;0;8;0;0;0;0;0;0;0;0;0;1;0;0;0;0;0;0;0;0;0;0;0;0;3;0;0;0;0;0;0;0;0;0;0;2;10;0;0;0;1;1;0;0;0;0;0;0;0;0;0;0;0;0;0;0;0;0
Uppsala;Röcklingeås;1;Yes;60;2,4;54,03061224;5,306122449;3,040816327;4;3,714285714;9;0;0;0;0;0;0;0;0;0;0;0;0;0;0;0;0;0;0;0;0;0;0;0;0;0;0;0;0;0;0;0;0;0;0;0;9;0;0;0;0;0;0;0;0;0;0;0;0;0;0;0;2;4;0;0;0;0;0;0;0;0;0;0;1;0;0;16;0;0;0;0;0;0;0;0;0;0;0;2;0;0;0;2;0;0;0;0;0;0;0;0;0;0;0;0;0;0;0;0;0;0;0;0;0;0;1;0;0;1;0;0;0;0;0;0;0;1;0;0;0;0;0;0;0;0;0;0;0;0;0;0;1;0;0;0;0;0;0;0
Uppsala;Rödmossa;1;No;6,875;2,2;47,77108434;5,457831325;4,156626506;5,277108434;4,927710843;1;0;0;0;0;0;0;4;0;0;0;0;0;0;0;0;0;0;0;0;0;0;0;0;2;0;9;0;0;0;0;0;0;0;0;0;12;0;6;0;0;0;0;0;1;0;0;11;0;0;0;0;0;0;0;0;0;0;0;0;0;0;0;3;3;0;0;0;1;0;0;0;0;0;0;0;0;0;0;0;0;0;0;0;0;0;2;0;0;0;0;0;0;6;0;0;0;0;0;2;0;0;0;0;0;0;0;0;0;0;0;0;1;0;0;0;0;16;0;0;0;0;2;0;0;0;0;0;0;0;0;0;0;1;0;0;0;0;0;0
Uppsala;Rödmossa;1;Yes;63,75;3,6;54,48529412;5,294117647;3,696078431;4,5;4,480392157;9;0;0;0;0;0;0;0;0;0;0;0;0;0;0;0;0;0;0;0;0;0;0;0;0;0;9;0;0;0;0;0;0;0;0;0;0;0;10;0;0;0;0;0;0;0;0;13;0;0;0;0;0;0;0;0;0;0;0;0;0;0;0;1;2;0;0;16;0;0;0;0;0;0;0;0;0;0;0;0;0;0;0;0;0;0;4;0;0;0;0;0;0;4;0;0;0;0;0;0;0;0;0;0;0;0;0;0;0;0;1;0;0;0;0;0;0;9;15;0;0;0;9;0;0;0;0;0;0;0;0;0;0;0;0;0;0;0;0;0
Uppsala;Slutbo;2;No;0,625;1,2;46,67857143;5,371428571;4,228571429;5,357142857;5,657142857;6;0;0;0;0;0;1;0;0;1;0;0;0;0;0;2;0;0;0;0;0;0;0;0;0;0;3;0;0;0;0;0;0;0;0;0;10;0;0;0;0;0;0;0;0;0;0;2;0;0;0;0;0;0;0;0;0;0;0;0;0;2;0;3;6;0;0;3;0;0;0;0;0;0;0;0;0;5;0;0;0;0;0;0;0;0;1;0;0;0;0;0;0;9;4;0;0;0;0;0;0;0;0;0;0;0;1;0;0;0;0;0;0;0;0;0;0;1;2;0;0;0;8;0;0;0;0;0;0;0;0;0;0;0;0;0;0;0;0;0
Uppsala;Slutbo;2;Yes;42,5;0,4;57,9296875;5,265625;4,34375;4,4375;4,703125;4;0;0;0;0;0;0;0;0;0;0;0;0;0;0;3;0;0;0;0;0;0;0;0;0;0;1;0;0;0;0;0;0;0;0;0;1;0;0;0;0;0;4;0;0;0;0;1;0;0;0;0;0;0;0;0;0;0;0;0;0;0;0;0;6;0;0;16;0;0;0;0;0;0;0;0;0;0;0;0;0;0;0;0;0;0;0;0;0;0;0;0;0;10;0;0;0;0;0;0;0;0;0;0;0;0;0;0;0;0;0;0;1;0;0;0;0;2;1;0;2;0;0;3;0;0;0;0;0;2;0;0;0;0;0;0;0;0;0;0
Uppsala;Solbo;2;No;11,875;1;44,77272727;5,609090909;3,290909091;5,1;4,518181818;16;0;0;0;0;0;5;0;0;0;0;0;0;0;0;0;0;0;0;0;0;0;0;0;0;0;0;0;0;0;0;0;0;0;0;0;7;0;6;0;0;0;0;4;0;0;0;7;0;0;0;0;0;0;0;9;1;0;0;0;0;0;0;0;6;0;8;0;0;0;0;0;0;0;0;0;0;0;0;0;0;15;0;2;0;0;0;0;0;0;0;0;2;0;5;0;0;0;0;0;0;0;0;0;0;0;2;0;0;0;0;0;0;0;0;1;0;5;9;0;0;0;0;0;0;0;0;0;0;0;0;0;0;0;0;0;0;0;0;0
Uppsala;Solbo;2;Yes;61,25;0,8;60,25862069;4,672413793;3,862068966;4,413793103;4,620689655;4;0;0;0;0;0;5;0;0;0;0;0;0;0;0;0;1;0;0;0;0;0;0;0;0;0;0;0;0;0;0;0;0;0;0;0;4;0;3;0;0;0;0;0;0;0;0;7;0;0;10;0;0;0;0;0;0;0;0;0;0;0;0;0;0;0;0;16;0;0;0;0;0;0;0;0;0;0;0;0;0;0;0;0;0;0;0;0;0;0;0;0;0;0;1;0;0;1;0;0;0;0;0;0;0;0;0;0;0;0;0;0;0;0;0;0;0;0;0;0;0;0;0;3;0;0;0;0;0;0;0;0;0;0;0;0;0;0;0;0
Uppsala;Söderfors;1;No;9,375;1;34,47368421;4,547368421;4;4,6;4,473684211;0;0;0;0;0;0;1;0;0;0;0;0;0;0;2;0;0;3;0;0;0;0;0;0;0;0;0;0;0;0;0;0;0;0;0;0;0;0;0;0;0;2;0;16;0;0;0;0;0;0;0;0;0;0;15;0;0;0;0;0;0;0;0;0;5;0;0;0;0;0;2;0;0;0;0;0;0;0;0;3;0;0;0;0;0;0;0;0;0;0;0;0;0;16;0;0;0;0;0;0;0;0;0;0;0;0;0;0;0;0;0;0;0;0;0;0;0;0;3;0;0;0;0;2;0;0;0;0;0;0;0;2;10;0;0;3;0;0;8;0
Uppsala;Söderfors;1;Yes;36,25;0,4;43,10752688;4,731182796;3,924731183;4,483870968;3,946236559;3;0;0;0;1;0;1;0;0;0;0;0;0;0;0;0;0;0;0;0;0;0;0;0;1;0;0;0;0;0;0;0;0;0;0;0;0;0;0;0;0;0;0;11;0;0;0;5;0;0;0;0;0;0;16;0;0;0;0;0;0;0;0;0;1;0;0;16;0;0;0;0;0;4;0;0;0;0;0;0;0;0;0;0;0;0;0;0;0;0;0;0;0;2;5;0;0;0;0;0;0;0;0;0;0;0;0;0;0;0;0;0;0;0;0;0;0;0;16;0;0;0;0;5;0;0;0;0;0;0;0;0;0;0;0;0;0;0;1;0
Uppsala;Sörbäck;2;No;10;0,8;50,69587629;5,432989691;3,690721649;5,298969072;5,082474227;16;0;0;0;0;0;6;0;0;0;0;0;0;0;0;0;0;0;0;0;0;0;0;0;0;0;8;0;0;0;0;0;0;0;0;0;11;0;0;0;0;0;0;2;0;0;0;4;0;0;0;0;0;0;0;0;0;0;0;0;0;0;0;0;11;0;0;1;0;0;0;0;0;0;0;0;0;1;0;7;0;0;0;0;0;0;0;0;0;0;0;0;0;4;0;0;0;4;0;0;0;1;0;0;0;0;12;0;0;0;0;0;0;0;0;2;0;1;0;0;1;0;0;0;0;0;0;0;0;0;0;0;0;0;5;0;0;0;0;0
Uppsala;Sörbäck;2;Yes;53,75;0,8;72,14285714;5;4,346938776;4,489795918;4,918367347;3;0;0;0;0;0;16;0;0;0;0;0;0;0;0;0;0;0;0;0;0;0;0;0;0;0;0;0;0;0;0;0;0;0;0;0;0;0;0;0;0;0;0;0;0;0;0;1;0;0;0;0;0;0;0;0;0;0;0;0;0;0;0;0;0;0;0;16;0;0;0;0;0;0;0;0;0;1;0;0;0;0;0;0;0;0;0;0;0;0;0;0;0;0;6;0;0;0;0;0;0;0;0;0;0;0;5;0;0;0;0;0;0;0;0;0;0;0;0;0;0;0;0;0;0;0;0;0;0;0;0;0;0;0;1;0;0;0;0;0
Uppsala;Västerby;1;No;10,625;0;60,33333333;4,986666667;4,573333333;4,786666667;4,706666667;0;0;0;0;0;0;12;0;0;0;0;0;0;0;0;0;0;0;0;0;0;0;0;0;0;0;1;0;0;0;0;0;0;0;0;0;0;0;0;0;0;0;5;0;3;0;0;4;2;0;0;0;0;2;0;0;2;1;0;0;0;0;0;0;0;0;0;4;0;0;0;0;0;0;0;0;0;0;0;0;0;0;0;0;0;0;0;0;0;6;0;0;0;0;0;0;0;1;0;0;0;0;0;0;0;0;0;0;0;0;0;0;0;0;0;0;0;0;16;0;0;0;0;0;0;0;0;0;0;0;0;2;0;2;0;0;0;0;4;0
Uppsala;Västerby;1;Yes;77,5;0;60,95833333;5,133333333;4,116666667;4,116666667;4;0;0;0;0;0;0;9;0;0;0;0;0;0;0;0;0;0;0;0;0;0;0;0;0;0;0;0;0;0;0;0;0;0;0;0;0;0;0;0;0;0;0;1;0;0;0;0;3;2;0;0;0;0;3;0;0;0;0;0;0;0;0;0;0;1;0;0;16;0;0;0;0;0;0;0;0;0;0;0;0;0;0;0;0;0;0;0;0;0;3;0;0;0;0;0;0;0;0;0;1;0;0;0;0;0;0;5;0;0;0;0;0;0;0;0;0;0;1;4;0;0;0;1;0;0;0;0;0;0;0;0;0;0;0;0;0;0;0;7;0
Uppsala;Östanbäck;2;No;13,125;1;54,43089431;5,731707317;3,756097561;5,073170732;4,650406504;14;6;0;0;0;0;14;0;0;0;0;0;0;0;1;0;0;0;0;0;0;3;0;0;0;0;1;0;0;0;0;0;7;0;0;0;2;0;0;0;0;0;1;0;0;0;6;0;0;0;0;0;0;3;0;0;0;0;0;0;0;0;0;11;14;0;3;5;0;0;0;0;0;0;0;0;0;0;0;0;0;9;0;7;0;0;0;0;0;0;0;0;0;6;0;0;0;0;0;0;0;0;0;0;0;0;3;0;0;0;0;0;0;0;0;1;0;0;0;0;0;0;0;0;0;0;0;0;0;0;0;0;0;5;0;0;0;0;0;0
Uppsala;Östanbäck;2;Yes;63,75;0;58,925;5,275;3,8625;4,175;4,375;15;3;0;0;1;0;9;0;0;0;0;0;0;0;1;0;0;0;0;0;0;1;0;0;0;0;2;0;0;0;0;0;0;0;0;0;3;1;0;0;0;0;0;0;0;0;0;4;1;0;0;0;0;2;0;0;0;0;0;0;0;0;0;7;1;0;0;16;0;0;1;0;0;0;0;0;0;0;0;0;0;0;0;0;0;0;0;0;0;2;0;0;0;2;1;0;0;0;0;0;0;0;0;0;0;0;0;0;0;0;0;0;0;0;0;0;0;0;0;0;0;0;0;0;0;0;0;0;0;0;0;0;0;0;0;0;0;0;6;0
Uppsala;Östanbäcks kloster;1;No;33,75;0,2;40,73369565;4,641304348;4,163043478;5;5;13;0;0;0;0;0;6;0;0;0;0;0;0;0;0;0;0;0;0;0;0;0;0;0;1;0;0;0;0;0;0;0;0;0;0;0;0;0;0;0;0;0;0;15;0;0;0;0;9;5;0;0;0;0;0;0;2;0;0;0;0;0;1;0;4;0;0;0;0;0;0;0;0;0;0;0;0;0;0;0;0;0;0;0;0;0;0;0;0;0;0;0;0;6;4;0;0;2;1;0;0;0;0;0;0;0;0;0;0;0;0;0;0;0;0;0;0;0;9;0;0;0;0;0;0;0;0;0;0;0;0;5;0;0;0;0;0;0;0;0
Uppsala;Östanbäcks kloster;1;Yes;55;0,4;51,43258427;4,629213483;4,011235955;4,337078652;4,460674157;1;0;0;0;0;0;9;0;2;0;0;0;0;0;0;0;0;0;0;0;0;0;0;5;0;0;0;0;0;0;0;0;0;0;0;0;0;0;0;0;0;0;0;0;0;0;0;2;8;0;0;0;0;0;0;0;3;0;0;0;0;0;2;0;1;0;0;16;0;0;0;0;0;0;0;0;3;0;0;0;0;0;0;0;0;0;2;0;0;0;0;0;0;5;0;0;0;0;0;0;0;0;0;0;0;0;1;0;0;0;0;0;0;0;0;0;0;0;0;0;0;0;0;0;0;0;0;0;0;0;0;4;7;0;0;0;0;0;7;3
Uppsala;Österunda1;1;No;6,875;0;45,97087379;5,262135922;4,378640777;5,398058252;5,145631068;0;0;0;0;5;0;0;0;0;0;0;0;0;0;0;4;0;0;0;0;0;0;0;0;7;0;7;0;0;0;0;0;0;0;0;0;16;0;0;0;0;0;2;0;0;0;1;0;0;0;0;0;0;0;0;0;7;0;0;0;0;0;0;0;8;0;0;4;0;0;0;0;0;6;0;0;0;0;0;0;0;0;0;0;0;0;0;0;0;0;2;0;0;3;0;0;0;2;0;0;0;0;0;0;2;0;0;0;0;0;0;0;0;0;0;0;0;7;2;0;2;0;6;1;0;0;0;0;0;0;0;3;0;1;2;0;0;0;0;0
Uppsala;Österunda1;1;Yes;56,25;0,2;58,34246575;5,150684932;4,150684932;4,589041096;4,547945205;0;0;0;0;1;0;2;0;0;0;0;0;0;0;0;4;0;0;0;0;0;0;0;0;2;0;3;0;0;0;0;0;0;0;0;0;8;0;0;0;0;0;0;0;4;0;0;0;0;0;0;0;0;0;0;0;0;2;0;0;0;0;0;0;1;0;0;16;0;0;0;0;0;0;0;0;0;0;0;0;0;0;0;0;0;0;0;0;0;1;0;0;0;7;0;0;0;5;0;0;0;0;0;0;1;0;0;0;0;0;0;0;0;0;0;0;0;0;6;0;1;0;3;2;0;0;0;0;0;0;0;0;0;0;0;0;0;0;0;0
Uppsala;Österunda2;1;No;11,25;1;39,12745098;5,215686275;5,215686275;5,107843137;5,068627451;0;0;0;0;1;0;0;0;0;0;0;0;1;0;0;0;0;0;0;2;0;0;0;0;8;0;4;0;0;0;0;0;0;0;0;0;8;0;13;0;0;0;0;0;0;0;0;0;0;0;0;0;0;0;0;0;0;0;0;0;0;1;0;3;1;0;0;1;0;0;0;3;0;0;0;0;0;0;3;0;0;0;0;0;0;0;0;0;0;0;0;0;0;11;0;0;0;0;0;0;0;0;2;0;0;1;0;0;0;0;0;0;0;0;1;0;0;9;1;0;3;0;8;0;0;0;0;0;0;7;3;0;0;4;0;0;0;0;0;0
Uppsala;Österunda2;1;Yes;46,25;0,2;50,2037037;5,083333333;4,907407407;4,648148148;4,518518519;1;0;0;0;0;0;0;0;0;0;0;0;0;0;0;3;0;0;2;2;4;0;0;0;6;0;5;0;0;0;0;0;0;0;0;0;7;0;14;0;0;0;3;0;0;0;0;1;0;0;0;0;0;0;0;0;0;0;0;0;0;1;0;1;0;0;0;16;0;0;0;0;0;0;0;0;0;0;1;0;0;0;0;0;0;0;0;0;0;0;0;0;0;4;0;0;0;0;0;0;0;0;2;0;0;0;0;0;0;0;0;0;0;0;0;0;0;4;2;0;4;0;7;0;0;0;0;0;0;5;3;0;0;6;0;0;0;0;0;0
Värmland;Bergsviken/Älvsbacka;1;No;25,625;2,7375;55,87209302;4,465116279;4,953488372;5,418604651;5,813953488;0;0;3;0;0;0;12;0;0;0;0;0;0;0;0;0;0;0;0;0;0;0;0;0;3;0;0;0;0;0;0;0;0;0;0;0;0;0;0;0;0;0;0;3;0;0;0;0;2;2;0;0;0;0;0;0;0;0;0;0;0;0;0;0;0;0;0;0;0;0;0;0;0;0;0;0;2;0;0;0;0;0;0;0;0;0;0;0;0;0;0;0;0;8;0;0;0;0;0;0;0;0;0;0;0;0;0;0;0;0;0;0;0;0;0;0;0;0;0;4;0;0;0;0;0;0;0;0;0;0;0;0;0;0;2;0;0;0;0;0
Värmland;Bergsviken/Älvsbacka;1;Yes;77,5;2,1;67,75862069;5,275862069;2,931034483;3,103448276;3,551724138;8;0;0;0;0;0;0;0;0;0;0;0;0;0;0;0;0;0;0;0;0;0;0;0;0;0;0;0;0;0;0;0;0;0;0;0;0;0;0;0;0;0;0;0;0;0;0;0;0;0;0;0;0;0;0;0;2;0;0;0;0;0;0;0;0;0;0;16;0;0;0;0;0;0;0;0;0;0;0;0;0;0;0;0;0;0;0;0;0;0;0;0;0;3;0;0;0;0;0;0;0;0;0;0;0;0;0;0;0;0;0;0;0;0;0;0;0;0;0;0;0;0;0;0;0;0;0;0;0;0;0;0;0;0;0;0;0;0;0;0
Värmland;Flugbohöjden/Ettala;1;No;18,75;2,28125;38,7398374;5,520325203;4,317073171;5,089430894;4,300813008;7;0;0;0;0;0;0;0;0;0;4;0;0;5;0;5;0;0;0;0;0;4;0;0;0;0;0;0;1;0;0;0;0;0;0;0;0;0;0;0;0;0;0;0;0;0;0;0;0;0;0;0;0;0;0;2;0;0;0;0;0;0;0;15;12;0;2;0;10;0;0;5;0;0;0;0;0;0;0;0;0;0;0;0;0;0;0;0;0;0;0;0;0;5;0;5;0;0;0;0;0;0;0;0;0;0;0;0;0;0;0;0;0;0;0;0;0;8;4;9;4;5;0;5;0;0;0;0;0;0;0;0;1;0;0;0;0;0;0;0
Värmland;Flugbohöjden/Ettala;1;Yes;63,75;2,3875;66,95652174;5,304347826;3,217391304;3,043478261;2,869565217;3;0;0;0;0;0;0;0;0;0;3;0;0;0;0;0;0;0;0;0;0;0;0;0;0;0;0;0;0;0;0;0;0;0;0;0;0;0;0;0;0;0;0;0;0;0;0;0;0;0;0;0;0;0;0;0;0;0;0;0;0;0;0;0;0;0;0;16;0;0;0;0;0;0;0;0;0;0;0;0;0;0;0;0;0;0;0;0;0;0;0;0;0;0;0;0;0;0;0;0;0;0;0;0;0;0;0;0;0;0;0;0;0;0;0;0;0;0;0;0;0;0;0;0;0;0;0;0;0;0;0;0;0;0;0;0;0;0;0;1
Värmland;Gersbysäter/Gersby;1;No;23,75;2,81875;43,16037736;5;4,58490566;4,433962264;4,830188679;4;0;2;0;0;0;0;0;0;0;0;0;0;0;2;0;0;0;0;0;0;0;0;0;0;0;0;0;0;0;0;0;0;0;0;0;0;0;0;0;0;0;0;0;0;0;0;0;0;0;0;0;0;0;0;0;0;0;0;1;0;0;0;0;4;0;0;0;0;0;2;1;0;0;0;0;0;0;0;0;0;0;0;0;0;0;0;0;0;5;0;0;0;13;0;0;0;0;0;3;0;0;0;0;0;0;0;0;0;0;0;0;0;4;0;0;0;0;0;0;3;0;0;0;0;0;0;0;0;0;0;0;0;2;0;0;0;0;5;2
Värmland;Gersbysäter/Gersby;1;Yes;63,75;2,7625;68,26086957;5,065217391;4,260869565;3,739130435;4,717391304;0;0;0;0;0;0;7;0;0;0;0;0;0;0;0;0;0;0;0;0;0;0;0;0;0;0;0;0;0;0;0;0;0;0;0;0;0;0;0;0;0;0;0;0;0;0;0;3;0;0;0;0;0;0;0;0;0;0;0;0;0;0;0;0;0;0;0;16;0;0;0;0;0;0;0;0;0;0;0;0;0;0;0;0;0;0;0;0;0;4;0;0;0;13;0;0;0;0;0;3;0;0;0;0;0;0;0;0;0;0;0;0;0;0;0;0;0;0;0;0;0;0;0;0;0;0;0;0;0;0;0;0;0;0;0;0;0;0;0;0
Värmland;Häggstöd/Nyeds-Backa;2;No;5;1,5125;36,31756757;4,878378378;3,756756757;4,972972973;4,594594595;0;0;0;0;0;0;0;0;0;0;0;0;0;0;0;2;0;0;0;0;0;0;0;9;0;0;0;0;0;0;0;0;0;0;0;0;0;0;0;0;0;0;0;7;0;0;0;1;0;0;0;0;8;0;0;4;1;0;0;0;0;0;0;0;9;0;0;0;11;0;0;0;0;0;0;0;0;0;0;0;0;0;0;0;0;0;0;0;0;2;0;0;0;5;0;0;3;0;0;1;0;0;0;0;0;0;0;0;0;0;0;0;0;0;0;0;0;0;0;0;0;0;0;0;0;0;0;0;0;0;0;0;11;0;0;0;0;0;0;0
Värmland;Häggstöd/Nyeds-Backa;2;Yes;48,75;2,525;62,83783784;5,135135135;3,864864865;3,756756757;3,486486486;0;0;0;0;0;0;2;0;0;0;0;0;0;0;0;0;4;0;0;0;0;0;0;0;0;0;0;0;0;0;0;0;0;0;0;0;0;0;0;0;0;0;0;0;0;0;0;0;0;0;0;0;0;0;0;0;0;0;1;0;0;0;0;0;0;0;0;16;0;0;0;0;0;0;0;0;0;0;0;0;0;0;0;0;0;0;0;0;0;0;0;0;0;4;0;0;0;0;0;0;0;0;0;0;0;0;0;0;0;0;0;0;4;0;0;0;0;0;0;0;1;0;0;0;0;0;0;0;0;0;0;0;0;5;0;0;0;0;0;0
Värmland;Jonsbol;1;No;10;0,275;33,5;5,4;4,381818182;4,872727273;4,327272727;1;0;0;0;0;0;0;0;0;0;0;0;0;0;0;0;0;0;0;0;0;0;0;0;5;0;0;0;0;0;0;0;0;0;0;0;0;0;0;0;0;0;0;0;0;0;0;2;0;0;0;1;0;0;0;0;1;0;0;0;0;0;0;0;12;0;0;0;1;0;0;6;0;0;0;0;0;0;0;0;0;0;0;0;0;0;1;0;0;0;0;0;6;4;0;0;0;0;0;1;5;0;0;0;0;0;0;0;0;0;0;0;0;0;1;0;0;0;0;0;1;0;0;0;0;0;0;0;0;0;0;0;0;0;0;0;0;0;7;0
Värmland;Jonsbol;1;Yes;56,25;2,04375;61,18181818;5,4;4,218181818;4,145454545;4,018181818;5;0;0;0;0;0;0;0;0;0;0;0;0;0;0;0;0;0;0;0;0;0;0;0;0;0;4;0;0;0;0;0;0;0;0;0;0;0;0;3;0;0;0;0;0;0;0;0;0;0;0;0;0;0;0;0;0;0;3;4;0;0;0;0;2;0;2;15;0;0;0;3;0;0;0;0;0;0;0;0;0;0;0;0;0;0;0;0;0;0;0;0;0;3;0;0;0;0;0;2;0;0;0;0;0;0;0;0;0;0;0;0;0;0;0;0;0;1;0;8;0;0;0;0;0;0;0;0;0;0;0;0;0;0;0;0;0;0;0;0
Värmland;Manhem/Asphyttan;2;No;12,5;1,29375;28,56716418;4,47761194;4,014925373;4,313432836;3,492537313;7;0;0;0;1;0;0;0;0;0;0;0;0;0;0;2;0;0;0;0;0;0;0;0;0;0;0;0;0;0;0;0;0;0;0;0;0;0;0;0;0;0;0;11;0;0;0;2;0;0;0;0;14;0;0;0;0;0;0;0;0;0;1;0;1;0;0;0;0;0;0;0;0;0;0;0;0;0;0;0;0;0;0;2;1;0;0;0;0;4;0;0;0;0;0;0;0;0;0;0;0;0;0;0;0;0;0;0;0;0;0;0;0;0;0;0;0;0;0;0;0;0;0;0;0;2;0;16;0;0;0;0;0;1;0;0;0;0;0;2
Värmland;Manhem/Asphyttan;2;Yes;37,5;1,05;40,73717949;4,91025641;4,102564103;3,615384615;3,025641026;3;0;0;0;0;0;0;0;0;0;0;0;0;0;0;1;0;0;0;0;0;0;0;0;0;0;0;0;0;0;0;0;0;0;0;0;0;0;0;0;0;0;0;16;0;0;0;0;0;0;0;0;0;0;0;0;0;0;0;0;0;0;1;8;1;0;0;16;0;0;1;0;0;0;0;0;0;0;0;0;0;0;0;0;0;0;0;0;0;10;0;0;0;2;0;0;0;0;0;0;0;0;0;0;0;0;0;0;0;0;0;0;0;0;0;0;0;0;0;0;0;0;0;0;0;0;0;16;0;0;0;0;0;3;0;0;0;0;0;0
Värmland;Nordsjö;1;No;15;3,6;55,57142857;5,014285714;4;4,342857143;5,242857143;11;0;0;0;0;1;0;0;0;0;0;0;0;1;0;0;0;0;0;0;0;0;0;0;0;7;0;0;0;0;0;0;0;0;0;0;0;0;0;0;0;0;0;7;0;3;0;2;0;0;0;0;0;0;0;3;1;0;0;2;0;0;0;0;0;0;0;0;3;0;0;0;0;0;0;0;0;0;0;0;0;0;0;0;0;0;0;0;0;0;0;0;0;7;0;0;0;0;0;3;0;0;0;0;0;0;0;0;0;0;0;0;0;0;0;0;0;0;0;0;0;0;0;0;0;0;0;0;0;0;0;9;0;3;0;0;0;0;0;0
Värmland;Nordsjö;1;Yes;67,5;2,075;73;5,033333333;3,366666667;2,933333333;2,933333333;1;0;0;0;0;0;0;0;0;0;0;0;0;4;0;0;0;0;0;0;0;0;0;0;0;0;0;0;0;0;0;0;0;0;0;0;0;0;0;0;0;0;0;0;0;0;0;7;0;0;0;0;0;0;0;0;0;0;0;2;0;0;0;0;0;0;0;16;0;0;0;0;0;0;0;0;0;0;0;0;0;0;0;0;0;0;0;0;0;0;0;0;0;0;0;0;0;0;0;0;0;0;0;0;0;0;0;0;0;0;0;0;0;0;0;0;0;0;0;0;0;0;0;0;0;0;0;0;0;0;0;0;0;0;0;0;0;0;0;0
Värmland;Nykroppa Herrhult;1;No;19,375;1,0875;50,05319149;5,595744681;3,489361702;5,510638298;4,361702128;0;0;0;0;0;0;1;0;0;0;0;0;0;0;0;0;0;0;0;0;0;0;0;0;0;2;0;0;0;0;0;0;0;7;0;0;0;0;0;0;0;0;0;3;0;0;0;0;0;0;0;0;0;0;0;0;0;0;0;0;8;0;0;2;5;0;0;0;0;0;0;0;0;0;0;0;0;0;0;0;0;0;0;0;7;0;0;0;0;2;0;0;0;1;0;1;0;0;0;0;0;0;0;0;0;0;0;0;2;0;0;0;0;0;0;0;0;0;0;0;0;0;0;0;0;0;0;0;0;0;0;0;0;3;0;0;0;0;1;0
Värmland;Nykroppa Herrhult;1;Yes;58,75;0,83125;77,74193548;5,290322581;3,387096774;3,516129032;4,032258065;0;0;0;0;0;0;0;0;0;0;0;0;0;0;0;0;0;0;0;0;0;0;0;0;0;0;0;0;0;0;0;0;0;0;0;0;0;0;0;0;0;0;0;0;0;0;0;0;0;0;0;0;0;0;0;0;0;0;0;0;0;0;0;0;0;0;0;16;0;0;0;0;0;0;0;0;0;0;0;0;0;0;0;0;0;0;0;0;0;0;0;0;0;2;0;0;0;0;0;0;0;0;0;0;0;0;0;0;9;0;0;0;0;0;0;0;0;0;0;4;0;0;0;0;0;0;0;0;0;0;0;0;0;0;0;0;0;0;0;0
Värmland;Rämmen-Haget;1;No;11,25;0,38125;33,38235294;5,073529412;4,367647059;4,573529412;4,426470588;0;0;0;0;0;2;0;0;0;0;0;0;0;0;0;0;1;0;0;0;2;0;0;0;0;0;0;0;1;0;0;0;0;0;0;0;0;0;0;0;0;0;0;15;0;0;0;0;0;0;0;0;0;0;0;0;0;0;0;0;6;0;0;0;3;0;0;0;0;0;0;0;0;0;0;0;0;0;0;0;0;0;0;4;0;0;0;0;0;8;0;0;1;10;0;0;0;0;0;3;0;0;0;0;0;0;0;0;0;0;0;0;0;0;0;0;0;0;0;0;0;0;0;2;0;0;0;0;0;0;0;0;3;0;0;0;0;0;5;0
Värmland;Rämmen-Haget;1;Yes;41,25;1,38125;43,33333333;4,80952381;4,071428571;4,023809524;3,5;0;0;0;0;0;0;0;0;0;0;0;0;0;3;0;0;0;0;0;0;0;0;0;0;0;0;0;0;0;0;0;0;0;0;0;0;0;0;0;0;0;0;0;11;0;0;0;0;0;0;0;0;0;0;0;1;0;0;0;0;0;0;0;0;2;0;0;13;0;0;0;0;0;0;0;0;0;0;0;0;0;0;0;0;0;0;0;0;0;1;0;0;0;2;0;0;0;0;0;0;0;0;0;0;0;0;0;0;0;0;0;0;0;0;0;0;0;0;0;3;0;0;0;3;0;0;0;0;0;0;0;0;0;0;0;0;0;0;0;0
Värmland;Snavlunda äng;1;No;6,875;0,65625;36,96153846;5,784615385;3,138461538;5,461538462;3,984615385;3;0;0;0;0;0;0;3;0;0;0;0;0;0;0;0;0;0;0;0;0;0;0;0;0;0;0;0;0;0;0;0;0;6;1;0;0;0;0;0;0;0;0;0;0;0;0;0;0;0;0;0;0;0;0;0;0;1;0;0;0;0;0;0;0;0;5;0;0;0;0;0;0;0;0;0;0;0;0;0;0;0;0;0;9;0;9;0;6;0;0;0;0;2;0;0;0;0;0;0;1;0;0;0;0;0;0;2;0;0;0;0;0;1;0;0;1;2;0;8;0;0;0;0;0;0;0;0;4;0;0;0;0;0;0;0;0;0;0;0
Värmland;Snavlunda äng;1;Yes;52,5;2,6375;59,375;5,321428571;3,464285714;3,785714286;3;0;0;0;0;0;0;0;0;0;0;0;0;0;0;0;0;6;0;0;0;0;0;0;0;0;0;0;0;0;0;0;0;0;0;0;0;0;0;0;0;0;0;0;0;0;0;0;0;0;0;0;0;0;0;0;0;0;0;0;0;0;0;0;0;0;0;0;14;0;0;0;0;0;0;0;0;0;0;0;0;0;0;0;0;0;0;0;0;0;0;0;0;0;0;0;0;0;0;0;0;0;0;0;0;0;0;0;0;0;0;0;0;0;0;0;0;0;3;0;5;0;0;0;0;0;0;0;0;0;0;0;0;0;0;0;0;0;0;0;0
Värmland;Stavkärr/Svinnersta;3;No;10;2,9;37,61111111;4,744444444;3,733333333;4,7;3,9;3;0;0;0;0;0;0;0;0;0;0;0;0;0;0;0;0;0;0;0;0;0;0;0;0;0;0;0;0;0;0;0;0;3;0;0;0;0;0;0;0;0;0;1;0;0;0;0;0;2;0;0;0;0;0;0;16;0;0;0;0;0;6;0;0;0;14;0;0;0;0;0;0;0;0;16;0;0;0;0;0;0;0;0;1;3;0;0;0;0;0;0;0;0;0;0;0;0;0;0;0;0;0;0;0;0;0;0;0;0;0;0;0;0;8;0;0;0;0;0;1;0;0;0;0;0;0;0;0;0;0;9;0;7;0;0;0;0;0;0
Värmland;Stavkärr/Svinnersta;3;Yes;86,25;2,90625;53,45588235;4,676470588;3,176470588;3,441176471;3,323529412;3;0;0;0;0;0;0;0;0;0;0;0;0;0;0;0;0;0;0;0;0;0;0;0;0;0;0;0;0;0;0;0;0;0;0;0;0;0;0;0;0;0;0;3;0;0;0;0;0;0;0;0;0;0;0;0;3;0;0;0;1;0;3;0;0;0;0;14;0;0;0;0;0;0;0;4;0;0;0;0;0;0;0;0;0;1;0;0;0;0;0;0;0;0;0;0;0;0;0;0;0;0;0;0;0;0;0;0;0;0;0;0;0;0;0;0;0;0;0;0;0;0;0;0;0;0;0;0;0;0;0;2;0;0;0;0;0;0;0;0
Värmland;Torsked;1;No;11,875;2,4375;30,26595745;3,255319149;4,914893617;4,382978723;4,574468085;0;0;0;0;0;0;0;0;0;0;0;0;0;0;0;0;0;0;0;0;0;3;0;0;0;0;0;0;0;15;0;0;0;0;0;0;0;0;0;0;0;0;0;0;0;0;0;0;4;0;0;0;0;0;0;0;1;0;0;0;0;0;0;1;0;0;0;0;0;0;2;0;0;0;0;0;0;0;0;0;0;0;0;0;0;0;0;0;0;0;0;0;0;2;0;0;0;0;13;0;0;0;0;0;0;0;0;0;0;0;0;0;0;0;0;0;0;0;0;0;0;0;0;0;0;0;0;0;0;0;0;0;0;2;0;0;0;0;0;0
Värmland;Torsked;1;Yes;31,25;2,81875;60,26785714;4,821428571;3,321428571;3,071428571;3,107142857;0;0;0;0;0;0;0;0;0;0;0;0;0;0;0;1;0;0;0;0;0;0;0;0;0;0;0;0;0;0;0;0;0;0;0;0;0;0;0;0;0;0;0;5;0;0;0;0;0;0;0;0;0;0;0;0;0;0;0;0;0;0;0;0;0;0;0;16;3;1;0;0;0;0;0;0;0;0;0;0;0;0;0;0;0;0;0;0;0;0;0;0;0;2;0;0;0;0;0;0;0;0;0;0;0;0;0;0;0;0;0;0;0;0;0;0;0;0;0;0;0;0;0;0;0;0;0;0;0;0;0;0;0;0;0;0;0;0;0;0
